Model,Accuracy,Precision,Recall,F1-Score,ROC-AUC
Decision Tree Classifier,0.5551470588235294,0.5357406350059712,0.5551470588235294,0.541076230416375,0.7007871412620716
