K_Value,Accuracy,F1-Score,Precision,Recall,ROC-AUC
11,0.5735294117647058,0.5543230120995767,0.5402106206227274,0.5735294117647058,0.7434435568760367
