K_Value,Accuracy,F1_Score,Precision,Recall,ROC_AUC
11,0.571875,0.5559312764418687,0.5470224961843724,0.571875,0.7469204015653952
