Model,Accuracy,Precision,Recall,F1-Score,ROC-AUC,K_Value
KNN,0.5845588235294118,0.5494461931929963,0.5845588235294118,0.564798856146009,0.7253593383540966,7
