Model,Accuracy,Precision,Recall,F1-score,ROC-AUC
Logistic Regression,0.41911764705882354,0.5503115028985843,0.41911764705882354,0.4621127656745618,0.7233593020901727
